30,Live365 - ADBREAK_30000 - 2025 -1.mp3,320kbps,CBR,5/5,Verified
30,Live365 - ADBREAK_30000 - 2025 -2.mp3,320kbps,CBR,5/5,Verified
30,Live365 - ADBREAK_30000 - 2025 -3.mp3,320kbps,CBR,5/5,Verified
30,Live365 - ADBREAK_30000 - 2025 -4.mp3,320kbps,CBR,5/5,Verified
30,Live365 - ADBREAK_30000 - 2025 -5.mp3,320kbps,CBR,5/5,Verified
60,Live365 - ADBREAK_60000 - 2025 -1.mp3,320kbps,CBR,5/5,Verified
60,Live365 - ADBREAK_60000 - 2025 -2.mp3,320kbps,CBR,5/5,Verified
60,Live365 - ADBREAK_60000 - 2025 -3.mp3,320kbps,CBR,5/5,Verified
60,Live365 - ADBREAK_60000 - 2025 -4.mp3,320kbps,CBR,5/5,Verified
60,Live365 - ADBREAK_60000 - 2025 -5.mp3,320kbps,CBR,5/5,Verified
90,Live365 - ADBREAK_90000 - 2025 -1.mp3,320kbps,CBR,5/5,Verified
90,Live365 - ADBREAK_90000 - 2025 -2.mp3,320kbps,CBR,5/5,Verified
90,Live365 - ADBREAK_90000 - 2025 -3.mp3,320kbps,CBR,5/5,Verified
90,Live365 - ADBREAK_90000 - 2025 -4.mp3,320kbps,CBR,5/5,Verified
90,Live365 - ADBREAK_90000 - 2025 -5.mp3,320kbps,CBR,5/5,Verified
Classics,Jackson 5 - I Want You Back.mp3,320kbps,CBR,5/5,Verified
Classics,Otis Redding - I've Been Loving You Too Long.mp3,320kbps,CBR,5/5,Verified
Classics,Stevie Wonder - For Once In My Life.mp3,320kbps,CBR,5/5,Verified
Live,Alexander O'Neal - If You Were Here Tonight.mp3,320kbps,CBR,5/5,Verified
Live,"Alicia Keys - If I Ain't Got You (Unplugged Live at the Brooklyn Academy of Music, Brooklyn, NY - July 2005).mp3",320kbps,CBR,5/5,Verified
Live,Beyoncé - Before I Let Go (Homecoming Live Bonus Track).mp3,320kbps,CBR,5/5,Verified
Live,Commodores - Easy (Live).mp3,320kbps,CBR,5/5,Verified
Live,Curtis Mayfield - Move on Up (Live).mp3,320kbps,CBR,5/5,Verified
Live,Donny Hathaway - A Song for You (Live).mp3,320kbps,CBR,5/5,Verified
Live,Donny Hathaway - The Ghetto (Live).mp3,320kbps,CBR,5/5,Verified
Live,"Earth, Wind & Fire - Reasons (Live).mp3",320kbps,CBR,5/5,Verified
Live,Gladys Knight & The Pips - Midnight Train to Georgia (Live).mp3,320kbps,CBR,5/5,Verified
Live,Gladys Knight & The Pips - Neither One Of Us (Wants To Be The First To Say Goodbye) (Live 1982).mp3,320kbps,CBR,5/5,Verified
Live,James Brown - Try Me (Live At The Apollo Theater_1962).mp3,320kbps,CBR,5/5,Verified
Live,Lalah Hathaway - Angel (Live).mp3,320kbps,CBR,5/5,Verified
Live,Marvin Gaye - Distant Lover (Live).mp3,320kbps,CBR,5/5,Verified
Live,Marvin Gaye - What’s Going On (Live).mp3,320kbps,CBR,5/5,Verified
Live,Maze - Before I Let Go (feat. Frankie Beverly) (Live).mp3,320kbps,CBR,5/5,Verified
Live,Maze - Joy And Pain (Live).mp3,320kbps,CBR,5/5,Verified
Live,Otis Redding - I've Been Loving You Too Long (Live).mp3,320kbps,CBR,5/5,Verified
Live,Otis Redding - Try a Little Tenderness (Live).mp3,320kbps,CBR,5/5,Verified
Live,Stevie Wonder - For Once In My Life (Live).mp3,320kbps,CBR,5/5,Verified
Live,The Gap Band - Outstanding (Live).mp3,320kbps,CBR,5/5,Verified
Live,The Isley Brothers - Summer Breeze (Live).mp3,320kbps,CBR,5/5,Verified
Live,The O'Jays - For the Love Money (Live).mp3,320kbps,CBR,5/5,Verified
Live,Trey Songz - Neighbors Know My Name (Unplugged).mp3,320kbps,CBR,5/5,Verified
New School 2010+,"3T, Michael Jackson - Why (Duet with Michael Jackson).mp3",320kbps,CBR,5/5,Verified
New School 2010+,Aaron Hall - All The Places (I Will Kiss You).mp3,320kbps,CBR,5/5,Verified
New School 2010+,Adina Howard - Freak Like Me.mp3,320kbps,CBR,5/5,Verified
New School 2010+,Alicia Keys - No One.mp3,320kbps,CBR,5/5,Verified
New School 2010+,Anita Baker - Giving You the Best That I Got (Single Version).mp3,320kbps,CBR,5/5,Verified
New School 2010+,Anita Baker - Good Love.mp3,320kbps,CBR,5/5,Verified
New School 2010+,Ari Lennox - Backseat (feat. Cozz).mp3,320kbps,CBR,5/5,Verified
New School 2010+,Ari Lennox - Broke (feat. JID).mp3,320kbps,CBR,5/5,Verified
New School 2010+,Ari Lennox - Whipped Cream.mp3,320kbps,CBR,5/5,Verified
New School 2010+,Ashanti - Rock Wit U (Awww Baby).mp3,320kbps,CBR,5/5,Verified
New School 2010+,August Alsina & Nicki Minaj - No Love.mp3,320kbps,CBR,5/5,Verified
New School 2010+,Az Yet - Last Night.mp3,320kbps,CBR,5/5,Verified
New School 2010+,BJ The Chicago Kid - Turnin' Me Up.mp3,320kbps,CBR,5/5,Verified
New School 2010+,Bell Biv DeVoe - Poison.mp3,320kbps,CBR,5/5,Verified
New School 2010+,Beyoncé - 7_11.mp3,320kbps,CBR,5/5,Verified
New School 2010+,Beyoncé - Formation.mp3,320kbps,CBR,5/5,Verified
New School 2010+,Beyoncé - Partition.mp3,320kbps,CBR,5/5,Verified
New School 2010+,"Blackstreet, Dr. Dre, Queen Pen - No Diggity.mp3",320kbps,CBR,5/5,Verified
New School 2010+,Bloodstone - Natural High.mp3,320kbps,CBR,5/5,Verified
New School 2010+,Boyz II Men - End Of The Road.mp3,320kbps,CBR,5/5,Verified
New School 2010+,Brandy - Almost Doesn't Count.mp3,320kbps,CBR,5/5,Verified
New School 2010+,Brandy - Baby (Single Version).mp3,320kbps,CBR,5/5,Verified
New School 2010+,Brandy - Best Friend.mp3,320kbps,CBR,5/5,Verified
New School 2010+,Brandy - Brokenhearted.mp3,320kbps,CBR,5/5,Verified
New School 2010+,Brandy - I Wanna Be Down (Single Version).mp3,320kbps,CBR,5/5,Verified
New School 2010+,Brandy - Sittin' Up In My Room.mp3,320kbps,CBR,5/5,Verified
New School 2010+,"Brandy, Monica - The Boy Is Mine (Radio Edit with Intro).mp3",320kbps,CBR,5/5,Verified
New School 2010+,Bryson Tiller - Don't.mp3,320kbps,CBR,5/5,Verified
New School 2010+,Bryson Tiller - Exchange.mp3,320kbps,CBR,5/5,Verified
New School 2010+,Cardi B & Bruno Mars - Please Me.mp3,320kbps,CBR,5/5,Verified
New School 2010+,Cardi B - Please Me.mp3,320kbps,CBR,5/5,Verified
New School 2010+,CeeLo Green & Melanie Fiona - Fool for You.mp3,320kbps,CBR,5/5,Verified
New School 2010+,CeeLo Green - Fool for You (feat. Philip Bailey).mp3,320kbps,CBR,5/5,Verified
New School 2010+,Changing Faces - Stroke You Up.mp3,320kbps,CBR,5/5,Verified
New School 2010+,Cherrelle - Saturday Love (12_ Extended Version).mp3,320kbps,CBR,5/5,Verified
New School 2010+,Childish Gambino - Feels Like Summer.mp3,320kbps,CBR,5/5,Verified
New School 2010+,Chris Brown - Back to Sleep.mp3,320kbps,CBR,5/5,Verified
New School 2010+,Chris Brown - Deuces (feat. Tyga & Kevin McCall).mp3,320kbps,CBR,5/5,Verified
New School 2010+,Chris Brown - Heat (feat. Gunna).mp3,320kbps,CBR,5/5,Verified
New School 2010+,Chris Brown - No Guidance (feat. Drake).mp3,320kbps,CBR,5/5,Verified
New School 2010+,Chris Brown - Privacy.mp3,320kbps,CBR,5/5,Verified
New School 2010+,Ciara - Ride (feat. Ludacris).mp3,320kbps,CBR,5/5,Verified
New School 2010+,Color Me Badd - I Wanna Sex You Up (Single Mix).mp3,320kbps,CBR,5/5,Verified
New School 2010+,D'Angelo - Brown Sugar.mp3,320kbps,CBR,5/5,Verified
New School 2010+,D'Angelo - Cruisin' (Radio Edit).mp3,320kbps,CBR,5/5,Verified
New School 2010+,D'Angelo - Lady.mp3,320kbps,CBR,5/5,Verified
New School 2010+,DJ Khaled - Wild Thoughts (feat. Rihanna & Bryson Tiller).mp3,320kbps,CBR,5/5,Verified
New School 2010+,Danny Boy - Done Me Wrong.mp3,320kbps,CBR,5/5,Verified
New School 2010+,Danny Boy - Just Friends.mp3,320kbps,CBR,5/5,Verified
New School 2010+,Danny Boy - So High.mp3,320kbps,CBR,5/5,Verified
New School 2010+,Danny Boy - This Song (Radio) (2).mp3,320kbps,CBR,5/5,Verified
New School 2010+,Daryl Hall & John Oates - Say It Isn't So (Special Extended Dance Mix).mp3,320kbps,CBR,5/5,Verified
New School 2010+,"Destiny's Child, Kobe Bryant - Say My Name.mp3",320kbps,CBR,5/5,Verified
New School 2010+,Donell Jones - This Luv.mp3,320kbps,CBR,5/5,Verified
New School 2010+,"Drake & Majid Jordan - Hold On, We're Going Home.mp3",320kbps,CBR,5/5,Verified
New School 2010+,Drake - 4422 (feat. Sampha).mp3,320kbps,CBR,5/5,Verified
New School 2010+,Drake - Best I Ever Had.mp3,320kbps,CBR,5/5,Verified
New School 2010+,Drake - Fireworks (feat. Alicia Keys).mp3,320kbps,CBR,5/5,Verified
New School 2010+,"Drake - Hold On, We're Going Home.mp3",320kbps,CBR,5/5,Verified
New School 2010+,Dru Hill - Beauty.mp3,320kbps,CBR,5/5,Verified
New School 2010+,Ella Mai - Boo'd Up.mp3,320kbps,CBR,5/5,Verified
New School 2010+,Ella Mai - Trip.mp3,320kbps,CBR,5/5,Verified
New School 2010+,En Vogue - Giving Him Something He Can Feel (2022 Remaster).mp3,320kbps,CBR,5/5,Verified
New School 2010+,En Vogue - My Lovin' (You're Never Gonna Get It) (2022 Remaster).mp3,320kbps,CBR,5/5,Verified
New School 2010+,Erykah Badu - On & On.mp3,320kbps,CBR,5/5,Verified
New School 2010+,Evelyn _Champagne_ King - Love Come Down (Single Version).mp3,320kbps,CBR,5/5,Verified
New School 2010+,Faith Evans - Soon as I Get Home.mp3,320kbps,CBR,5/5,Verified
New School 2010+,Frank Ocean - Forrest Gump.mp3,320kbps,CBR,5/5,Verified
New School 2010+,Frank Ocean - Nights.mp3,320kbps,CBR,5/5,Verified
New School 2010+,Frank Ocean - Novacane.mp3,320kbps,CBR,5/5,Verified
New School 2010+,Frank Ocean - Pink Matter (feat. André 3000).mp3,320kbps,CBR,5/5,Verified
New School 2010+,Frank Ocean - Pyramids.mp3,320kbps,CBR,5/5,Verified
New School 2010+,Frank Ocean - Super Rich Kids (feat. Earl Sweatshirt).mp3,320kbps,CBR,5/5,Verified
New School 2010+,Frank Ocean - Swim Good.mp3,320kbps,CBR,5/5,Verified
New School 2010+,Frank Ocean - Thinkin Bout You.mp3,320kbps,CBR,5/5,Verified
New School 2010+,G.Q. - Disco Nights.mp3,320kbps,CBR,5/5,Verified
New School 2010+,Ghost Town DJs - My Boo (Hitman's Club Mix).mp3,320kbps,CBR,5/5,Verified
New School 2010+,Ginuwine - None Of Ur Friends Business (Radio Edit).mp3,320kbps,CBR,5/5,Verified
New School 2010+,Guordan Banks - Keep You in Mind.mp3,320kbps,CBR,5/5,Verified
New School 2010+,Jade - Don't Walk Away.mp3,320kbps,CBR,5/5,Verified
New School 2010+,Jamie Foxx - Fall For Your Type (feat. Drake).mp3,320kbps,CBR,5/5,Verified
New School 2010+,Janelle Monáe - Primetime (feat. Miguel).mp3,320kbps,CBR,5/5,Verified
New School 2010+,Jazmine Sullivan - 10 Seconds.mp3,320kbps,CBR,5/5,Verified
New School 2010+,Jazmine Sullivan - Holding You Down (Goin' in Circles).mp3,320kbps,CBR,5/5,Verified
New School 2010+,Jazmine Sullivan - Let It Burn.mp3,320kbps,CBR,5/5,Verified
New School 2010+,Jazmine Sullivan - Pick Up Your Feelings.mp3,320kbps,CBR,5/5,Verified
New School 2010+,Jeremih - Don't Tell 'Em (feat. YG).mp3,320kbps,CBR,5/5,Verified
New School 2010+,Jeremih - Planez (feat. J. Cole).mp3,320kbps,CBR,5/5,Verified
New School 2010+,Jeremih - oui.mp3,320kbps,CBR,5/5,Verified
New School 2010+,Jhené Aiko - Sativa (feat. Swae Lee).mp3,320kbps,CBR,5/5,Verified
New School 2010+,Jhené Aiko - The Worst.mp3,320kbps,CBR,5/5,Verified
New School 2010+,Jill Scott - Can't Wait.mp3,320kbps,CBR,5/5,Verified
New School 2010+,Jodeci - Freek'n You (2005 Edit).mp3,320kbps,CBR,5/5,Verified
New School 2010+,John Legend - Tonight (Best You Ever Had) (Clean Version) (feat. Ludacris).mp3,320kbps,CBR,5/5,Verified
New School 2010+,Johnny Gill - Rub You The Right Way.mp3,320kbps,CBR,5/5,Verified
New School 2010+,Justin Timberlake - Spaceship Coupe.mp3,320kbps,CBR,5/5,Verified
New School 2010+,K-Ci & JoJo - All My Life.mp3,320kbps,CBR,5/5,Verified
New School 2010+,Kali Uchis - Miami (feat. BIA).mp3,320kbps,CBR,5/5,Verified
New School 2010+,Kehlani - The Way (feat. Chance the Rapper).mp3,320kbps,CBR,5/5,Verified
New School 2010+,"Kelly Price, R. Kelly, Ronald Isley - Friend Of Mine (Remix).mp3",320kbps,CBR,5/5,Verified
New School 2010+,Keri Hilson - Pretty Girl Rock (feat. Kanye West).mp3,320kbps,CBR,5/5,Verified
New School 2010+,Khalid - Location.mp3,320kbps,CBR,5/5,Verified
New School 2010+,Khalid - OTW (feat. 6LACK & Ty Dolla $ign).mp3,320kbps,CBR,5/5,Verified
New School 2010+,Kool & The Gang - Hollywood Swinging.mp3,320kbps,CBR,5/5,Verified
New School 2010+,Lauryn Hill - Can't Take My Eyes Off of You ((I Love You Baby)).mp3,320kbps,CBR,5/5,Verified
New School 2010+,"Lauryn Hill 蘿倫希爾, D'Angelo - Nothing Even Matters.mp3",320kbps,CBR,5/5,Verified
New School 2010+,Ledisi - High.mp3,320kbps,CBR,5/5,Verified
New School 2010+,Lloyd - Lay It Down.mp3,320kbps,CBR,5/5,Verified
New School 2010+,Lord Huron - The Night We Met.mp3,320kbps,CBR,5/5,Verified
New School 2010+,Luke James - Drip (feat. A$AP Ferg).mp3,320kbps,CBR,5/5,Verified
New School 2010+,Majid Jordan - Phases.mp3,320kbps,CBR,5/5,Verified
New School 2010+,Majid Jordan - You.mp3,320kbps,CBR,5/5,Verified
New School 2010+,"Mariah Carey - Breakdown ft. Krayzie Bone, Wish Bone.mp3",320kbps,CBR,5/5,Verified
New School 2010+,Mariah Carey - The Roof (Back In Time) (Mobb Deep Extended Version).mp3,320kbps,CBR,5/5,Verified
New School 2010+,"Mariah Carey, Boyz II Men - One Sweet Day.mp3",320kbps,CBR,5/5,Verified
New School 2010+,Mark Morrison - Return of the Mack.mp3,320kbps,CBR,5/5,Verified
New School 2010+,Marsha Ambrosius - Hope She Cheats On You (With A Basketball Player).mp3,320kbps,CBR,5/5,Verified
New School 2010+,Mary J. Blige - Love No Limit.mp3,320kbps,CBR,5/5,Verified
New School 2010+,Mary J. Blige - Mary Jane (All Night Long).mp3,320kbps,CBR,5/5,Verified
New School 2010+,Michael Jackson - Jam (Remastered Version).mp3,320kbps,CBR,5/5,Verified
New School 2010+,Michael Jackson - Remember the Time.mp3,320kbps,CBR,5/5,Verified
New School 2010+,Miguel - Adorn.mp3,320kbps,CBR,5/5,Verified
New School 2010+,Miguel - All I Want Is You (feat. J. Cole).mp3,320kbps,CBR,5/5,Verified
New School 2010+,Miguel - Come Through and Chill (feat. J. Cole & Salaam Remi).mp3,320kbps,CBR,5/5,Verified
New School 2010+,Miguel - How Many Drinks_ (feat. Kendrick Lamar).mp3,320kbps,CBR,5/5,Verified
New School 2010+,Miguel - How Many Drinks_.mp3,320kbps,CBR,5/5,Verified
New School 2010+,Miguel - Sky Walker (feat. Travis Scott).mp3,320kbps,CBR,5/5,Verified
New School 2010+,Mint Condition - Breakin' My Heart (Pretty Brown Eyes).mp3,320kbps,CBR,5/5,Verified
New School 2010+,"Missy Elliott, 702, Magoo - Beep Me 911 (feat. 702).mp3",320kbps,CBR,5/5,Verified
New School 2010+,Monica - Before You Walk Out of My Life.mp3,320kbps,CBR,5/5,Verified
New School 2010+,Monica - Don't Take It Personal (Just One of Dem Days).mp3,320kbps,CBR,5/5,Verified
New School 2010+,Monica - For You I Will.mp3,320kbps,CBR,5/5,Verified
New School 2010+,Montell Jordan - This Is How We Do It.mp3,320kbps,CBR,5/5,Verified
New School 2010+,Ne-Yo - U 2 Luv.mp3,320kbps,CBR,5/5,Verified
New School 2010+,New Edition - I'm Still In Love With You.mp3,320kbps,CBR,5/5,Verified
New School 2010+,Next - Too Close (Extended Version).mp3,320kbps,CBR,5/5,Verified
New School 2010+,PARTYNEXTDOOR - Break from Toronto.mp3,320kbps,CBR,5/5,Verified
New School 2010+,PARTYNEXTDOOR - Thirsty.mp3,320kbps,CBR,5/5,Verified
New School 2010+,Prince - Little Red Corvette (7_ Edit - 2019 Remaster).mp3,320kbps,CBR,5/5,Verified
New School 2010+,"Prince, The New Power Generation - Diamonds and Pearls.mp3",320kbps,CBR,5/5,Verified
New School 2010+,Rick Ross - Aston Martin Music (feat. Drake & Chrisette Michele).mp3,320kbps,CBR,5/5,Verified
New School 2010+,Rihanna - Loveeeeeee Song (feat. Future).mp3,320kbps,CBR,5/5,Verified
New School 2010+,Rihanna - Needed Me.mp3,320kbps,CBR,5/5,Verified
New School 2010+,Rihanna - Sex With Me.mp3,320kbps,CBR,5/5,Verified
New School 2010+,Rihanna - Stay (feat. Mikky Ekko).mp3,320kbps,CBR,5/5,Verified
New School 2010+,Rihanna - What's My Name_ (feat. Drake).mp3,320kbps,CBR,5/5,Verified
New School 2010+,Rihanna - Work (feat. Drake).mp3,320kbps,CBR,5/5,Verified
New School 2010+,Rihanna - You Da One.mp3,320kbps,CBR,5/5,Verified
New School 2010+,Ro James - Already Knew That.mp3,320kbps,CBR,5/5,Verified
New School 2010+,Ro James - Permission.mp3,320kbps,CBR,5/5,Verified
New School 2010+,SWV - I'm So Into You.mp3,320kbps,CBR,5/5,Verified
New School 2010+,SWV - Weak (Radio Edit).mp3,320kbps,CBR,5/5,Verified
New School 2010+,SZA - Broken Clocks.mp3,320kbps,CBR,5/5,Verified
New School 2010+,SZA - Love Galore (feat. Travis Scott).mp3,320kbps,CBR,5/5,Verified
New School 2010+,SZA - Love Galore.mp3,320kbps,CBR,5/5,Verified
New School 2010+,SZA - The Weekend.mp3,320kbps,CBR,5/5,Verified
New School 2010+,Sade - Cherish the Day.mp3,320kbps,CBR,5/5,Verified
New School 2010+,SiR - D'Evils.mp3,320kbps,CBR,5/5,Verified
New School 2010+,Solange - Binz.mp3,320kbps,CBR,5/5,Verified
New School 2010+,Solange - Cranes in the Sky.mp3,320kbps,CBR,5/5,Verified
New School 2010+,Soul For Real - Candy Rain.mp3,320kbps,CBR,5/5,Verified
New School 2010+,Summer Walker & Drake - Girls Need Love (Remix).mp3,320kbps,CBR,5/5,Verified
New School 2010+,Summer Walker - Girls Need Love (Remix) (feat. Drake).mp3,320kbps,CBR,5/5,Verified
New School 2010+,TLC - Diggin' On You.mp3,320kbps,CBR,5/5,Verified
New School 2010+,TLC - Red Light Special.mp3,320kbps,CBR,5/5,Verified
New School 2010+,Tamar Braxton - If I Don't Have You.mp3,320kbps,CBR,5/5,Verified
New School 2010+,Tamia - So Into You.mp3,320kbps,CBR,5/5,Verified
New School 2010+,Tevin Campbell - I'm Ready.mp3,320kbps,CBR,5/5,Verified
New School 2010+,Teyana Taylor - Gonna Love Me.mp3,320kbps,CBR,5/5,Verified
New School 2010+,Teyana Taylor - How You Want It_ (feat. King Combs).mp3,320kbps,CBR,5/5,Verified
New School 2010+,Teyana Taylor - Maybe (feat. Pusha T & Yo Gotti).mp3,320kbps,CBR,5/5,Verified
New School 2010+,Teyana Taylor - No Manners.mp3,320kbps,CBR,5/5,Verified
New School 2010+,The Internet - Girl (feat. KAYTRANADA).mp3,320kbps,CBR,5/5,Verified
New School 2010+,The Internet - Special Affair.mp3,320kbps,CBR,5/5,Verified
New School 2010+,The Stylistics - You Are Everything.mp3,320kbps,CBR,5/5,Verified
New School 2010+,The Weeknd - Call Out My Name.mp3,320kbps,CBR,5/5,Verified
New School 2010+,The Weeknd - Die For You.mp3,320kbps,CBR,5/5,Verified
New School 2010+,The Weeknd - Earned It (Fifty Shades Of Grey).mp3,320kbps,CBR,5/5,Verified
New School 2010+,The Weeknd - I Feel It Coming (feat. Daft Punk).mp3,320kbps,CBR,5/5,Verified
New School 2010+,The Weeknd - Losers (feat. Labrinth).mp3,320kbps,CBR,5/5,Verified
New School 2010+,The Weeknd - Real Life.mp3,320kbps,CBR,5/5,Verified
New School 2010+,The Weeknd - Secrets.mp3,320kbps,CBR,5/5,Verified
New School 2010+,The Weeknd - Shameless.mp3,320kbps,CBR,5/5,Verified
New School 2010+,The Weeknd - The Hills.mp3,320kbps,CBR,5/5,Verified
New School 2010+,The Whispers - (Olivia) Lost and Turned Out.mp3,320kbps,CBR,5/5,Verified
New School 2010+,Toni Braxton & Babyface - Hurt You.mp3,320kbps,CBR,5/5,Verified
New School 2010+,Toni Braxton - Hurt You.mp3,320kbps,CBR,5/5,Verified
New School 2010+,Toni Braxton - Let It Flow (from Waiting to Exhale Original Soundtrack).mp3,320kbps,CBR,5/5,Verified
New School 2010+,Tony! Toni! Toné! - Anniversary.mp3,320kbps,CBR,5/5,Verified
New School 2010+,Tony! Toni! Toné! - Feels Good.mp3,320kbps,CBR,5/5,Verified
New School 2010+,Trey Songz - All We Do.mp3,320kbps,CBR,5/5,Verified
New School 2010+,Trey Songz - Love Faces.mp3,320kbps,CBR,5/5,Verified
New School 2010+,"Trey Songz - Touchin, Lovin (feat. Nicki Minaj).mp3",320kbps,CBR,5/5,Verified
New School 2010+,Trey Songz - Unusual (feat. Drake).mp3,320kbps,CBR,5/5,Verified
New School 2010+,Trey Songz - Wonder Woman.mp3,320kbps,CBR,5/5,Verified
New School 2010+,"Ty Dolla $ign - Or Nah (Remix) (feat. The Weeknd, Wiz Khalifa & DJ Mustard).mp3",320kbps,CBR,5/5,Verified
New School 2010+,Ty Dolla $ign - Paranoid (feat. B.o.B).mp3,320kbps,CBR,5/5,Verified
New School 2010+,Usher - You Make Me Wanna....mp3,320kbps,CBR,5/5,Verified
New School 2010+,"Vaughan Mason and Crew - Bounce, Rock, Skate, Roll.mp3",320kbps,CBR,5/5,Verified
New School 2010+,Whitney Houston - Exhale (Shoop Shoop) (from Waiting to Exhale - Original Soundtrack).mp3,320kbps,CBR,5/5,Verified
New School 2010+,Whitney Houston - I Will Always Love You (Film Version).mp3,320kbps,CBR,5/5,Verified
New School 2010+,Whitney Houston - My Love Is Your Love.mp3,320kbps,CBR,5/5,Verified
New School 2010+,"Wyclef Jean, The New York Philharmonic Orchestra - Gone Till November.mp3",320kbps,CBR,5/5,Verified
New School 2010+,Xscape - Just Kickin' It.mp3,320kbps,CBR,5/5,Verified
New School 2010+,Zhané - Hey Mr. D.J..mp3,320kbps,CBR,5/5,Verified
New School 2010+,dvsn - Nuh Time _ Tek Time.mp3,320kbps,CBR,5/5,Verified
New School 2010+,dvsn - Too Deep.mp3,320kbps,CBR,5/5,Verified
Old School 70's80s,After 7 - Can't Stop.mp3,320kbps,CBR,5/5,Verified
Old School 70's80s,After 7 - Ready Or Not.mp3,320kbps,CBR,5/5,Verified
Old School 70's80s,Al B. Sure! - If I'm Not Your Lover.mp3,320kbps,CBR,5/5,Verified
Old School 70's80s,Al B. Sure! - Nite and Day.mp3,320kbps,CBR,5/5,Verified
Old School 70's80s,Al B. Sure! - Off on Your Own (Girl).mp3,320kbps,CBR,5/5,Verified
Old School 70's80s,Alexander O'Neal - Criticize.mp3,320kbps,CBR,5/5,Verified
Old School 70's80s,Alexander O'Neal - Fake.mp3,320kbps,CBR,5/5,Verified
Old School 70's80s,Alexander O'Neal - Intro.mp3,320kbps,CBR,5/5,Verified
Old School 70's80s,Alexander O'Neal - Never Knew Love Like This.mp3,320kbps,CBR,5/5,Verified
Old School 70's80s,Anita Baker - Caught Up in the Rapture.mp3,320kbps,CBR,5/5,Verified
Old School 70's80s,Anita Baker - Sweet Love.mp3,320kbps,CBR,5/5,Verified
Old School 70's80s,Aretha Franklin - Freeway Of Love.mp3,320kbps,CBR,5/5,Verified
Old School 70's80s,Ashford & Simpson - Solid.mp3,320kbps,CBR,5/5,Verified
Old School 70's80s,Atlantic Starr - Let's Get Closer.mp3,320kbps,CBR,5/5,Verified
Old School 70's80s,Atlantic Starr - Secret Lovers.mp3,320kbps,CBR,5/5,Verified
Old School 70's80s,Atlantic Starr - Send For Me.mp3,320kbps,CBR,5/5,Verified
Old School 70's80s,Bill Withers - Ain't No Sunshine.mp3,320kbps,CBR,5/5,Verified
Old School 70's80s,Billy Ocean - Caribbean Queen (No More Love On the Run).mp3,320kbps,CBR,5/5,Verified
Old School 70's80s,Billy Ocean - Loverboy (Extended Mix).mp3,320kbps,CBR,5/5,Verified
Old School 70's80s,Billy Ocean - Loverboy.mp3,320kbps,CBR,5/5,Verified
Old School 70's80s,Billy Ocean - Suddenly.mp3,320kbps,CBR,5/5,Verified
Old School 70's80s,Billy Ocean - There'll Be Sad Songs (To Make You Cry).mp3,320kbps,CBR,5/5,Verified
Old School 70's80s,Bobby Brown - Don't Be Cruel.mp3,320kbps,CBR,5/5,Verified
Old School 70's80s,Bobby Brown - Every Little Step (With Rap).mp3,320kbps,CBR,5/5,Verified
Old School 70's80s,Bobby Brown - Every Little Step.mp3,320kbps,CBR,5/5,Verified
Old School 70's80s,Bobby Brown - Girlfriend.mp3,320kbps,CBR,5/5,Verified
Old School 70's80s,Bobby Brown - My Prerogative.mp3,320kbps,CBR,5/5,Verified
Old School 70's80s,Bobby Brown - On Our Own.mp3,320kbps,CBR,5/5,Verified
Old School 70's80s,Bobby Brown - Rock Wit'cha.mp3,320kbps,CBR,5/5,Verified
Old School 70's80s,Bobby Brown - Roni.mp3,320kbps,CBR,5/5,Verified
Old School 70's80s,Cameo - Candy.mp3,320kbps,CBR,5/5,Verified
Old School 70's80s,Cameo - Word Up.mp3,320kbps,CBR,5/5,Verified
Old School 70's80s,"Carl Carlton - She's A Bad Mama Jama (She's Built, She's Stacked) (Single Version).mp3",320kbps,CBR,5/5,Verified
Old School 70's80s,Chaka Kahn - What Cha' Gonna Do for Me.mp3,320kbps,CBR,5/5,Verified
Old School 70's80s,Chaka Khan - Ain't Nobody.mp3,320kbps,CBR,5/5,Verified
Old School 70's80s,Chaka Khan - I Feel for You (Edit).mp3,320kbps,CBR,5/5,Verified
Old School 70's80s,Chaka Khan - I Feel for You.mp3,320kbps,CBR,5/5,Verified
Old School 70's80s,Chaka Khan - Through the Fire (45 Version).mp3,320kbps,CBR,5/5,Verified
Old School 70's80s,Cherrelle & Alexander O'Neal - Saturday Love (12_ Extended Version).mp3,320kbps,CBR,5/5,Verified
Old School 70's80s,Cherrelle - I Didn't Mean To Turn You On.mp3,320kbps,CBR,5/5,Verified
Old School 70's80s,Cheryl Lynn - If This World Were Mine.mp3,320kbps,CBR,5/5,Verified
Old School 70's80s,Chic - Soup for One.mp3,320kbps,CBR,5/5,Verified
Old School 70's80s,Chic - You Are Beautiful (2006 Remaster).mp3,320kbps,CBR,5/5,Verified
Old School 70's80s,Club Nouveau - Why You Treat Me So Bad.mp3,320kbps,CBR,5/5,Verified
Old School 70's80s,Commodores - Brick House.mp3,320kbps,CBR,5/5,Verified
Old School 70's80s,Commodores - Zoom.mp3,320kbps,CBR,5/5,Verified
Old School 70's80s,Culture Club - Do You Really Want To Hurt Me.mp3,320kbps,CBR,5/5,Verified
Old School 70's80s,Culture Club - Karma Chameleon (Remastered 2002).mp3,320kbps,CBR,5/5,Verified
Old School 70's80s,Daryl Hall & John Oates - Everytime You Go Away.mp3,320kbps,CBR,5/5,Verified
Old School 70's80s,Daryl Hall & John Oates - I Can't Go for That (No Can Do).mp3,320kbps,CBR,5/5,Verified
Old School 70's80s,Daryl Hall & John Oates - Say It Isn't So.mp3,320kbps,CBR,5/5,Verified
Old School 70's80s,DeBarge - A Dream.mp3,320kbps,CBR,5/5,Verified
Old School 70's80s,DeBarge - All This Love.mp3,320kbps,CBR,5/5,Verified
Old School 70's80s,DeBarge - I Like It.mp3,320kbps,CBR,5/5,Verified
Old School 70's80s,DeBarge - Love Me In A Special Way.mp3,320kbps,CBR,5/5,Verified
Old School 70's80s,DeBarge - Stay With Me.mp3,320kbps,CBR,5/5,Verified
Old School 70's80s,DeBarge - Time Will Reveal.mp3,320kbps,CBR,5/5,Verified
Old School 70's80s,DeBarge - Who's Holding Donna Now_.mp3,320kbps,CBR,5/5,Verified
Old School 70's80s,Deniece Williams - Let's Hear It for the Boy (From _Footloose_ Original Soundtrack).mp3,320kbps,CBR,5/5,Verified
Old School 70's80s,Deniece Williams - Let's Hear It for the Boy (From _Footloose_ Soundtrack).mp3,320kbps,CBR,5/5,Verified
Old School 70's80s,Deniece Williams - Silly.mp3,320kbps,CBR,5/5,Verified
Old School 70's80s,Dennis Edwards - Don't Look Any Further (feat. Siedah Garrett).mp3,320kbps,CBR,5/5,Verified
Old School 70's80s,Diana Ross - Upside Down.mp3,320kbps,CBR,5/5,Verified
Old School 70's80s,"Dionne Warwick - That's What Friends Are For (feat. Elton John, Gladys Knight & Stevie Wonder).mp3",320kbps,CBR,5/5,Verified
Old School 70's80s,E U - Da' Butt (7_ Edit _ Radio Mix).mp3,320kbps,CBR,5/5,Verified
Old School 70's80s,"Earth, Wind & Fire - Can't Hide Love.mp3",320kbps,CBR,5/5,Verified
Old School 70's80s,"Earth, Wind & Fire - Devotion.mp3",320kbps,CBR,5/5,Verified
Old School 70's80s,Eddie Murphy - Party All the Time.mp3,320kbps,CBR,5/5,Verified
Old School 70's80s,Evelyn _Champagne_ King - Love Come Down (12_ Version).mp3,320kbps,CBR,5/5,Verified
Old School 70's80s,Evelyn _Champagne_ King - Love Come Down.mp3,320kbps,CBR,5/5,Verified
Old School 70's80s,Force M.D.'s - Love Is A House.mp3,320kbps,CBR,5/5,Verified
Old School 70's80s,Force M.D.'s - Tender Love.mp3,320kbps,CBR,5/5,Verified
Old School 70's80s,Freddie Jackson - I Don't Want To Lose Your Love.mp3,320kbps,CBR,5/5,Verified
Old School 70's80s,Freddie Jackson - Rock Me Tonight For Old Times Sake.mp3,320kbps,CBR,5/5,Verified
Old School 70's80s,Freddie Jackson - You Are My Lady.mp3,320kbps,CBR,5/5,Verified
Old School 70's80s,Freeez - I.O.U. (7_ Version).mp3,320kbps,CBR,5/5,Verified
Old School 70's80s,G.Q. - Disco Nights (Rock Freak).mp3,320kbps,CBR,5/5,Verified
Old School 70's80s,George Benson - Give Me the Night.mp3,320kbps,CBR,5/5,Verified
Old School 70's80s,George Clinton - Atomic Dog (Original Extended Version).mp3,320kbps,CBR,5/5,Verified
Old School 70's80s,George Clinton - Atomic Dog.mp3,320kbps,CBR,5/5,Verified
Old School 70's80s,George Michael - Careless Whisper.mp3,320kbps,CBR,5/5,Verified
Old School 70's80s,George Michael - Faith.mp3,320kbps,CBR,5/5,Verified
Old School 70's80s,George Michael - Father Figure.mp3,320kbps,CBR,5/5,Verified
Old School 70's80s,George Michael - One More Try.mp3,320kbps,CBR,5/5,Verified
Old School 70's80s,Gladys Knight & The Pips - Midnight Train to Georgia.mp3,320kbps,CBR,5/5,Verified
Old School 70's80s,Gregory Abbott - Shake You Down.mp3,320kbps,CBR,5/5,Verified
Old School 70's80s,Guy - Groove Me.mp3,320kbps,CBR,5/5,Verified
Old School 70's80s,Guy - I Like.mp3,320kbps,CBR,5/5,Verified
Old School 70's80s,Guy - Piece Of My Love.mp3,320kbps,CBR,5/5,Verified
Old School 70's80s,Guy - Teddy's Jam.mp3,320kbps,CBR,5/5,Verified
Old School 70's80s,Guy - You Can Call Me Crazy.mp3,320kbps,CBR,5/5,Verified
Old School 70's80s,Harold Melvin & The Blue Notes - I Miss You (feat. Teddy Pendergrass).mp3,320kbps,CBR,5/5,Verified
Old School 70's80s,Janet Jackson - What Have You Done For Me Lately.mp3,320kbps,CBR,5/5,Verified
Old School 70's80s,Jeffrey Osborne - Stay With Me Tonight.mp3,320kbps,CBR,5/5,Verified
Old School 70's80s,Jeffrey Osborne - You Should Be Mine (The Woo Woo Song).mp3,320kbps,CBR,5/5,Verified
Old School 70's80s,Jermaine Jackson - Let's Get Serious.mp3,320kbps,CBR,5/5,Verified
Old School 70's80s,Jermaine Stewart - We Don't Have To Take Our Clothes Off.mp3,320kbps,CBR,5/5,Verified
Old School 70's80s,Jocelyn Brown - Somebody Else's Guy.mp3,320kbps,CBR,5/5,Verified
Old School 70's80s,Jody Watley - Friends (feat. Eric B. & Rakim).mp3,320kbps,CBR,5/5,Verified
Old School 70's80s,Johnny Kemp - Just Got Paid (Single Version).mp3,320kbps,CBR,5/5,Verified
Old School 70's80s,Junior - Mama Used To Say.mp3,320kbps,CBR,5/5,Verified
Old School 70's80s,KC & The Sunshine Band - Boogie Shoes (2004 Remaster).mp3,320kbps,CBR,5/5,Verified
Old School 70's80s,Karyn White - Superwoman.mp3,320kbps,CBR,5/5,Verified
Old School 70's80s,Kashif - Love Changes (Digitally Remastered 1998) (feat. Meli'sa Morgan).mp3,320kbps,CBR,5/5,Verified
Old School 70's80s,Keith Sweat - I Want Her.mp3,320kbps,CBR,5/5,Verified
Old School 70's80s,Keith Sweat - Make It Last Forever (with Jacci McGhee) (feat. Jacci McGhee).mp3,320kbps,CBR,5/5,Verified
Old School 70's80s,Keith Sweat - Something Just Ain't Right.mp3,320kbps,CBR,5/5,Verified
Old School 70's80s,Keni Burke - Risin' to the Top.mp3,320kbps,CBR,5/5,Verified
Old School 70's80s,Klymaxx - I Miss You.mp3,320kbps,CBR,5/5,Verified
Old School 70's80s,Kool & The Gang - Celebration.mp3,320kbps,CBR,5/5,Verified
Old School 70's80s,Kool & The Gang - Cherish.mp3,320kbps,CBR,5/5,Verified
Old School 70's80s,Kool & The Gang - Get Down On It.mp3,320kbps,CBR,5/5,Verified
Old School 70's80s,Kool & The Gang - Joanna (Single Version).mp3,320kbps,CBR,5/5,Verified
Old School 70's80s,Kool & The Gang - Summer Madness.mp3,320kbps,CBR,5/5,Verified
Old School 70's80s,Kool & The Gang - Too Hot.mp3,320kbps,CBR,5/5,Verified
Old School 70's80s,Levert - Casanova.mp3,320kbps,CBR,5/5,Verified
Old School 70's80s,Levert - Just Coolin'.mp3,320kbps,CBR,5/5,Verified
Old School 70's80s,Lionel Richie - All Night Long (All Night).mp3,320kbps,CBR,5/5,Verified
Old School 70's80s,Lionel Richie - Endless Love.mp3,320kbps,CBR,5/5,Verified
Old School 70's80s,Lionel Richie - Hello.mp3,320kbps,CBR,5/5,Verified
Old School 70's80s,Lisa Lisa & Cult Jam - All Cried Out.mp3,320kbps,CBR,5/5,Verified
Old School 70's80s,Lisa Lisa & Cult Jam - Head to Toe.mp3,320kbps,CBR,5/5,Verified
Old School 70's80s,Lisa Lisa & Cult Jam - I Wonder If I Take You Home (feat. Full Force).mp3,320kbps,CBR,5/5,Verified
Old School 70's80s,Lisa Lisa & Cult Jam - I Wonder If I Take You Home.mp3,320kbps,CBR,5/5,Verified
Old School 70's80s,Lisa Stansfield - All Around the World.mp3,320kbps,CBR,5/5,Verified
Old School 70's80s,Loose Ends - Hangin' On A String.mp3,320kbps,CBR,5/5,Verified
Old School 70's80s,Loose Ends - Slow Down.mp3,320kbps,CBR,5/5,Verified
Old School 70's80s,Luther Vandross - A House Is Not a Home.mp3,320kbps,CBR,5/5,Verified
Old School 70's80s,Luther Vandross - Any Love.mp3,320kbps,CBR,5/5,Verified
Old School 70's80s,Luther Vandross - For You to Love.mp3,320kbps,CBR,5/5,Verified
Old School 70's80s,Luther Vandross - If Only for One Night.mp3,320kbps,CBR,5/5,Verified
Old School 70's80s,Luther Vandross - Never Too Much.mp3,320kbps,CBR,5/5,Verified
Old School 70's80s,Luther Vandross - Since I Lost My Baby.mp3,320kbps,CBR,5/5,Verified
Old School 70's80s,Luther Vandross - Stop to Love.mp3,320kbps,CBR,5/5,Verified
Old School 70's80s,Luther Vandross - Superstar.mp3,320kbps,CBR,5/5,Verified
Old School 70's80s,Marvin Gaye - Let's Get It On.mp3,320kbps,CBR,5/5,Verified
Old School 70's80s,Marvin Gaye - Sexual Healing.mp3,320kbps,CBR,5/5,Verified
Old School 70's80s,Mary Jane Girls - All Night Long.mp3,320kbps,CBR,5/5,Verified
Old School 70's80s,Maze - Before I Let Go.mp3,320kbps,CBR,5/5,Verified
Old School 70's80s,Maze - Joy And Pain (Remastered 2004).mp3,320kbps,CBR,5/5,Verified
Old School 70's80s,Michael Jackson - Beat It.mp3,320kbps,CBR,5/5,Verified
Old School 70's80s,Michael Jackson - Billie Jean.mp3,320kbps,CBR,5/5,Verified
Old School 70's80s,Michael Jackson - Human Nature.mp3,320kbps,CBR,5/5,Verified
Old School 70's80s,Michael Jackson - P.Y.T. (Pretty Young Thing).mp3,320kbps,CBR,5/5,Verified
Old School 70's80s,Michael Jackson - Rock with You (Single Version).mp3,320kbps,CBR,5/5,Verified
Old School 70's80s,Michael Jackson - The Way You Make Me Feel.mp3,320kbps,CBR,5/5,Verified
Old School 70's80s,Michael Jackson - Wanna Be Startin' Somethin'.mp3,320kbps,CBR,5/5,Verified
Old School 70's80s,Michael McDonald - I Keep Forgettin' (Every Time You're Near).mp3,320kbps,CBR,5/5,Verified
Old School 70's80s,Michel'le - Something in My Heart (Slow Jams Version).mp3,320kbps,CBR,5/5,Verified
Old School 70's80s,Michel'le - Something in My Heart.mp3,320kbps,CBR,5/5,Verified
Old School 70's80s,Milli Vanilli - Girl You Know It's True (Long Maxi Version).mp3,320kbps,CBR,5/5,Verified
Old School 70's80s,Milli Vanilli - Girl You Know It's True.mp3,320kbps,CBR,5/5,Verified
Old School 70's80s,Mtume - Juicy Fruit (2).mp3,320kbps,CBR,5/5,Verified
Old School 70's80s,Mtume - Juicy Fruit.mp3,320kbps,CBR,5/5,Verified
Old School 70's80s,New Edition - A Little Bit Of Love.mp3,320kbps,CBR,5/5,Verified
Old School 70's80s,New Edition - Can You Stand The Rain.mp3,320kbps,CBR,5/5,Verified
Old School 70's80s,New Edition - Candy Girl.mp3,320kbps,CBR,5/5,Verified
Old School 70's80s,New Edition - Cool It Now.mp3,320kbps,CBR,5/5,Verified
Old School 70's80s,New Edition - If It Isn't Love.mp3,320kbps,CBR,5/5,Verified
Old School 70's80s,New Edition - Is This The End.mp3,320kbps,CBR,5/5,Verified
Old School 70's80s,New Edition - Mr. Telephone Man.mp3,320kbps,CBR,5/5,Verified
Old School 70's80s,New Edition - N.E. Heart Break.mp3,320kbps,CBR,5/5,Verified
Old School 70's80s,New Edition - You're Not My Kind Of Girl.mp3,320kbps,CBR,5/5,Verified
Old School 70's80s,Nu Shooz - I Can't Wait.mp3,320kbps,CBR,5/5,Verified
Old School 70's80s,One Way - Something In The Past (feat. Al Hudson).mp3,320kbps,CBR,5/5,Verified
Old School 70's80s,Oran _Juice_ Jones - The Rain.mp3,320kbps,CBR,5/5,Verified
Old School 70's80s,Parliament - Flash Light.mp3,320kbps,CBR,5/5,Verified
Old School 70's80s,Patrice Rushen - Remind Me.mp3,320kbps,CBR,5/5,Verified
Old School 70's80s,Patrice Rushen - Settle For My Love.mp3,320kbps,CBR,5/5,Verified
Old School 70's80s,Patti LaBelle - If Only You Knew.mp3,320kbps,CBR,5/5,Verified
Old School 70's80s,Patti LaBelle - On My Own.mp3,320kbps,CBR,5/5,Verified
Old School 70's80s,Paul Young - Every Time You Go Away.mp3,320kbps,CBR,5/5,Verified
Old School 70's80s,Phyllis Hyman & Michael Henderson - Can't We Fall in Love Again.mp3,320kbps,CBR,5/5,Verified
Old School 70's80s,Phyllis Hyman - Can't We Fall In Love Again.mp3,320kbps,CBR,5/5,Verified
Old School 70's80s,Prince & The Revolution - Kiss.mp3,320kbps,CBR,5/5,Verified
Old School 70's80s,Prince - 1999.mp3,320kbps,CBR,5/5,Verified
Old School 70's80s,Prince - Adore (2020 Remaster).mp3,320kbps,CBR,5/5,Verified
Old School 70's80s,"Prince - Do Me, Baby.mp3",320kbps,CBR,5/5,Verified
Old School 70's80s,Prince - If I Was Your Girlfriend.mp3,320kbps,CBR,5/5,Verified
Old School 70's80s,Prince - Little Red Corvette (Single Version).mp3,320kbps,CBR,5/5,Verified
Old School 70's80s,Prince - Little Red Corvette.mp3,320kbps,CBR,5/5,Verified
Old School 70's80s,Prince - Pop Life.mp3,320kbps,CBR,5/5,Verified
Old School 70's80s,Quincy Jones - Summer In The City.mp3,320kbps,CBR,5/5,Verified
Old School 70's80s,"Quincy Jones - Tomorrow (A Better You, Better Me) (feat. Tevin Campbell).mp3",320kbps,CBR,5/5,Verified
Old School 70's80s,Ready For The World - Love You Down.mp3,320kbps,CBR,5/5,Verified
Old School 70's80s,Ready For The World - Oh Sheila.mp3,320kbps,CBR,5/5,Verified
Old School 70's80s,René & Angela - I Love You More.mp3,320kbps,CBR,5/5,Verified
Old School 70's80s,René & Angela - Your Smile.mp3,320kbps,CBR,5/5,Verified
Old School 70's80s,Rick James - Cold Blooded.mp3,320kbps,CBR,5/5,Verified
Old School 70's80s,Rick James - Ebony Eyes (feat. Smokey Robinson).mp3,320kbps,CBR,5/5,Verified
Old School 70's80s,Rick James - Fire And Desire (feat. Teena Marie).mp3,320kbps,CBR,5/5,Verified
Old School 70's80s,Rick James - Ghetto Life.mp3,320kbps,CBR,5/5,Verified
Old School 70's80s,Rick James - Give It To Me Baby.mp3,320kbps,CBR,5/5,Verified
Old School 70's80s,Rick James - Mary Jane.mp3,320kbps,CBR,5/5,Verified
Old School 70's80s,Rick James - Super Freak.mp3,320kbps,CBR,5/5,Verified
Old School 70's80s,Robert Palmer - Addicted To Love.mp3,320kbps,CBR,5/5,Verified
Old School 70's80s,Rockwell - Somebody's Watching Me.mp3,320kbps,CBR,5/5,Verified
Old School 70's80s,Roy Ayers Ubiquity - Everybody Loves The Sunshine.mp3,320kbps,CBR,5/5,Verified
Old School 70's80s,Rufus - Ain't Nobody.mp3,320kbps,CBR,5/5,Verified
Old School 70's80s,S.O.S. Band - Weekend Girl.mp3,320kbps,CBR,5/5,Verified
Old School 70's80s,Sade - Hang On to Your Love (Long Version).mp3,320kbps,CBR,5/5,Verified
Old School 70's80s,Sade - Hang On to Your Love.mp3,320kbps,CBR,5/5,Verified
Old School 70's80s,Sade - Smooth Operator (2011 Remastered).mp3,320kbps,CBR,5/5,Verified
Old School 70's80s,Sade - Smooth Operator (Single Version).mp3,320kbps,CBR,5/5,Verified
Old School 70's80s,Sade - The Sweetest Taboo.mp3,320kbps,CBR,5/5,Verified
Old School 70's80s,Shalamar - A Night to Remember.mp3,320kbps,CBR,5/5,Verified
Old School 70's80s,Sheila E - The Glamorous Life.mp3,320kbps,CBR,5/5,Verified
Old School 70's80s,Simply Red - If You Don't Know Me by Now (2008 Remaster).mp3,320kbps,CBR,5/5,Verified
Old School 70's80s,Sister Sledge - My Guy.mp3,320kbps,CBR,5/5,Verified
Old School 70's80s,Slave - Just a Touch of Love.mp3,320kbps,CBR,5/5,Verified
Old School 70's80s,Slave - Watching You (Single Version).mp3,320kbps,CBR,5/5,Verified
Old School 70's80s,Slave - Watching You.mp3,320kbps,CBR,5/5,Verified
Old School 70's80s,Smokey Robinson - One Heartbeat.mp3,320kbps,CBR,5/5,Verified
Old School 70's80s,Soul II Soul - Back To Life (However Do You Want Me) (feat. Caron Wheeler).mp3,320kbps,CBR,5/5,Verified
Old School 70's80s,Soul II Soul - Keep On Movin' (feat. Caron Wheeler).mp3,320kbps,CBR,5/5,Verified
Old School 70's80s,Stephanie Mills - I Feel Good All Over.mp3,320kbps,CBR,5/5,Verified
Old School 70's80s,Stephanie Mills - Something In The Way (You Make Me Feel).mp3,320kbps,CBR,5/5,Verified
Old School 70's80s,Steve Arrington - Feel so Real.mp3,320kbps,CBR,5/5,Verified
Old School 70's80s,Stevie Wonder - Lately.mp3,320kbps,CBR,5/5,Verified
Old School 70's80s,Stevie Wonder - Overjoyed.mp3,320kbps,CBR,5/5,Verified
Old School 70's80s,Stevie Wonder - Part-Time Lover.mp3,320kbps,CBR,5/5,Verified
Old School 70's80s,Stevie Wonder - Superstition.mp3,320kbps,CBR,5/5,Verified
Old School 70's80s,Surface - Closer Than Friends.mp3,320kbps,CBR,5/5,Verified
Old School 70's80s,Surface - Shower Me With Your Love.mp3,320kbps,CBR,5/5,Verified
Old School 70's80s,Teddy Pendergrass - Love T.K.O..mp3,320kbps,CBR,5/5,Verified
Old School 70's80s,Teddy Pendergrass - When Somebody Loves You Back.mp3,320kbps,CBR,5/5,Verified
Old School 70's80s,Teena Marie - Lovergirl.mp3,320kbps,CBR,5/5,Verified
Old School 70's80s,Teena Marie - Ooo La La La (12-inch version).mp3,320kbps,CBR,5/5,Verified
Old School 70's80s,Teena Marie - Out On a Limb.mp3,320kbps,CBR,5/5,Verified
Old School 70's80s,Teena Marie - Portuguese Love (Remastered 2002).mp3,320kbps,CBR,5/5,Verified
Old School 70's80s,The Boys - Dial My Heart.mp3,320kbps,CBR,5/5,Verified
Old School 70's80s,"The Brooklyn, Bronx And Queens Band - On The Beat (Remastered 2004).mp3",320kbps,CBR,5/5,Verified
Old School 70's80s,The Deele - Sweet November.mp3,320kbps,CBR,5/5,Verified
Old School 70's80s,The Deele - Two Occasions.mp3,320kbps,CBR,5/5,Verified
Old School 70's80s,The Gap Band - Yearning For Your Love.mp3,320kbps,CBR,5/5,Verified
Old School 70's80s,The Isley Brothers - Between the Sheets.mp3,320kbps,CBR,5/5,Verified
Old School 70's80s,"The Isley Brothers - Here We Go Again, Pts. 1 & 2.mp3",320kbps,CBR,5/5,Verified
Old School 70's80s,The Jets - You Got It All.mp3,320kbps,CBR,5/5,Verified
Old School 70's80s,The O'Jays - For the Love of Money.mp3,320kbps,CBR,5/5,Verified
Old School 70's80s,The Pointer Sisters - All I Know Is the Way I Feel (Single Mix).mp3,320kbps,CBR,5/5,Verified
Old School 70's80s,The S.O.S. Band - Weekend Girl.mp3,320kbps,CBR,5/5,Verified
Old School 70's80s,The Temptations - Stay.mp3,320kbps,CBR,5/5,Verified
Old School 70's80s,The Time - 777-9311.mp3,320kbps,CBR,5/5,Verified
Old School 70's80s,The Time - Gigolos Get Lonely Too.mp3,320kbps,CBR,5/5,Verified
Old School 70's80s,The Whispers - Rock Steady (12_ Mix).mp3,320kbps,CBR,5/5,Verified
Old School 70's80s,The Whispers - Rock Steady.mp3,320kbps,CBR,5/5,Verified
Old School 70's80s,Tina Turner - Private Dancer (Single Edit).mp3,320kbps,CBR,5/5,Verified
Old School 70's80s,Tina Turner - What's Love Got to Do with It.mp3,320kbps,CBR,5/5,Verified
Old School 70's80s,Tony! Toni! Toné! - For The Love Of You.mp3,320kbps,CBR,5/5,Verified
Old School 70's80s,Tony! Toni! Toné! - Little Walter.mp3,320kbps,CBR,5/5,Verified
Old School 70's80s,Troop - All I Do Is Think of You.mp3,320kbps,CBR,5/5,Verified
Old School 70's80s,Troop - Spread My Wings.mp3,320kbps,CBR,5/5,Verified
Old School 70's80s,Whitney Houston - All at Once.mp3,320kbps,CBR,5/5,Verified
Old School 70's80s,Whitney Houston - Didn't We Almost Have It All.mp3,320kbps,CBR,5/5,Verified
Old School 70's80s,Whitney Houston - Greatest Love Of All.mp3,320kbps,CBR,5/5,Verified
Old School 70's80s,Whitney Houston - Greatest Love of All (1).mp3,320kbps,CBR,5/5,Verified
Old School 70's80s,Whitney Houston - How Will I Know.mp3,320kbps,CBR,5/5,Verified
Old School 70's80s,Whitney Houston - I Wanna Dance with Somebody (Who Loves Me).mp3,320kbps,CBR,5/5,Verified
Old School 70's80s,Whitney Houston - Saving All My Love for You.mp3,320kbps,CBR,5/5,Verified
Old School 70's80s,Whitney Houston - Where Do Broken Hearts Go.mp3,320kbps,CBR,5/5,Verified
Old School 70's80s,Whitney Houston - You Give Good Love.mp3,320kbps,CBR,5/5,Verified
Old School 70's80s,Whodini - Freaks Come Out at Night.mp3,320kbps,CBR,5/5,Verified
Old School 70's80s,Womack & Womack - Baby I'm Scared of You.mp3,320kbps,CBR,5/5,Verified
Old School 70's80s,Yarbrough & Peoples - Don't Stop The Music.mp3,320kbps,CBR,5/5,Verified
Old School 70's80s,Zapp & Roger - I Want to Be Your Man.mp3,320kbps,CBR,5/5,Verified
Old School 70's80s,Zapp - Computer Love.mp3,320kbps,CBR,5/5,Verified
Throwback 90s2000s,112 - Dance With Me.mp3,320kbps,CBR,5/5,Verified
Throwback 90s2000s,112 - Only You [Bad Boy Remix] (feat. The Notorious B.I.G. & Ma$e).mp3,320kbps,CBR,5/5,Verified
Throwback 90s2000s,112 - Peaches & Cream.mp3,320kbps,CBR,5/5,Verified
Throwback 90s2000s,2Pac - Changes (feat. Talent).mp3,320kbps,CBR,5/5,Verified
Throwback 90s2000s,50 Cent - 21 Questions (feat. Nate Dogg).mp3,320kbps,CBR,5/5,Verified
Throwback 90s2000s,50 Cent - 21 Questions.mp3,320kbps,CBR,5/5,Verified
Throwback 90s2000s,50 Cent - Candy Shop (feat. Olivia).mp3,320kbps,CBR,5/5,Verified
Throwback 90s2000s,50 Cent - Just A Lil Bit.mp3,320kbps,CBR,5/5,Verified
Throwback 90s2000s,Akon - Don't Matter.mp3,320kbps,CBR,5/5,Verified
Throwback 90s2000s,Alan Cave - 365 Jou.mp3,320kbps,CBR,5/5,Verified
Throwback 90s2000s,Alicia Keys - A Woman's Worth.mp3,320kbps,CBR,5/5,Verified
Throwback 90s2000s,Alicia Keys - Fallin'.mp3,320kbps,CBR,5/5,Verified
Throwback 90s2000s,Alicia Keys - If I Ain't Got You.mp3,320kbps,CBR,5/5,Verified
Throwback 90s2000s,Alicia Keys - Love Is Blind.mp3,320kbps,CBR,5/5,Verified
Throwback 90s2000s,Alicia Keys - Un-thinkable (I'm Ready).mp3,320kbps,CBR,5/5,Verified
Throwback 90s2000s,Alicia Keys - You Don't Know My Name.mp3,320kbps,CBR,5/5,Verified
Throwback 90s2000s,Ashanti - Body On Me (feat. Nelly & Akon).mp3,320kbps,CBR,5/5,Verified
Throwback 90s2000s,Ashanti - Foolish.mp3,320kbps,CBR,5/5,Verified
Throwback 90s2000s,Ashanti - Happy.mp3,320kbps,CBR,5/5,Verified
Throwback 90s2000s,Ashanti - Only U (No Intro).mp3,320kbps,CBR,5/5,Verified
Throwback 90s2000s,Ashanti - Unfoolish.mp3,320kbps,CBR,5/5,Verified
Throwback 90s2000s,Atlantic Starr - Always.mp3,320kbps,CBR,5/5,Verified
Throwback 90s2000s,Atomic Kitten - Whole Again.mp3,320kbps,CBR,5/5,Verified
Throwback 90s2000s,Avant - 4 Minutes.mp3,320kbps,CBR,5/5,Verified
Throwback 90s2000s,"Baby Bash - Baby, I'm Back (feat. Akon).mp3",320kbps,CBR,5/5,Verified
Throwback 90s2000s,Beyoncé - Check On It (feat. Bun B & Slim Thug).mp3,320kbps,CBR,5/5,Verified
Throwback 90s2000s,Beyoncé - Check On It (feat. Slim Thug).mp3,320kbps,CBR,5/5,Verified
Throwback 90s2000s,Beyoncé - Drunk in Love (feat. JAY-Z).mp3,320kbps,CBR,5/5,Verified
Throwback 90s2000s,"Beyoncé - Me, Myself and I.mp3",320kbps,CBR,5/5,Verified
Throwback 90s2000s,Big Pun - Still Not a Player (Radio Version) (feat. Joe).mp3,320kbps,CBR,5/5,Verified
Throwback 90s2000s,Blackstreet - No Diggity (feat. Dr. Dre & Queen Pen).mp3,320kbps,CBR,5/5,Verified
Throwback 90s2000s,Blu Cantrell - Hit 'Em Up Style (Oops!).mp3,320kbps,CBR,5/5,Verified
Throwback 90s2000s,Bobby Caldwell - What You Won't Do for Love.mp3,320kbps,CBR,5/5,Verified
Throwback 90s2000s,Bobby V. - Slow Down (12_ Version).mp3,320kbps,CBR,5/5,Verified
Throwback 90s2000s,Bow Wow & Omarion - Girlfriend.mp3,320kbps,CBR,5/5,Verified
Throwback 90s2000s,Bow Wow - Girlfriend.mp3,320kbps,CBR,5/5,Verified
Throwback 90s2000s,Bow Wow - Let Me Hold You (feat. Omarion).mp3,320kbps,CBR,5/5,Verified
Throwback 90s2000s,Bow Wow - Like You (feat. Ciara).mp3,320kbps,CBR,5/5,Verified
Throwback 90s2000s,Bow Wow - Outta My System (Radio Edit) (feat. T-Pain & Johntá Austin).mp3,320kbps,CBR,5/5,Verified
Throwback 90s2000s,Bow Wow - Shortie Like Mine (feat. Chris Brown & Johntá Austin).mp3,320kbps,CBR,5/5,Verified
Throwback 90s2000s,Brandy & Monica - The Boy Is Mine.mp3,320kbps,CBR,5/5,Verified
Throwback 90s2000s,Brandy - I Wanna Be Down.mp3,320kbps,CBR,5/5,Verified
Throwback 90s2000s,Brandy - The Boy Is Mine.mp3,320kbps,CBR,5/5,Verified
Throwback 90s2000s,Brownstone - Grapevyne.mp3,320kbps,CBR,5/5,Verified
Throwback 90s2000s,Busta Rhymes & Mariah Carey - I Know What You Want (feat. Flipmode Squad).mp3,320kbps,CBR,5/5,Verified
Throwback 90s2000s,Busta Rhymes - I Know What You Want (feat. Flipmode Squad).mp3,320kbps,CBR,5/5,Verified
Throwback 90s2000s,Cam'Ron - Oh Boy (feat. Juelz Santana).mp3,320kbps,CBR,5/5,Verified
Throwback 90s2000s,Cameo - Single Life.mp3,320kbps,CBR,5/5,Verified
Throwback 90s2000s,Carl Thomas - I Wish.mp3,320kbps,CBR,5/5,Verified
Throwback 90s2000s,Cassidy - Hotel (feat. R.Kelly).mp3,320kbps,CBR,5/5,Verified
Throwback 90s2000s,Cassie - Long Way 2 Go.mp3,320kbps,CBR,5/5,Verified
Throwback 90s2000s,Cassie - Me & U.mp3,320kbps,CBR,5/5,Verified
Throwback 90s2000s,Chaka Demus & Pliers - Murder She Wrote.mp3,320kbps,CBR,5/5,Verified
Throwback 90s2000s,Chingy & Tyrese - Pullin' Me Back.mp3,320kbps,CBR,5/5,Verified
Throwback 90s2000s,Chingy - Pullin' Me Back.mp3,320kbps,CBR,5/5,Verified
Throwback 90s2000s,Chingy - Right Thurr.mp3,320kbps,CBR,5/5,Verified
Throwback 90s2000s,Chris Brown - Don't Think They Know (feat. Aaliyah).mp3,320kbps,CBR,5/5,Verified
Throwback 90s2000s,Chris Brown - Gimme That Remix (feat. Lil' Wayne).mp3,320kbps,CBR,5/5,Verified
Throwback 90s2000s,Chris Brown - Gimme That.mp3,320kbps,CBR,5/5,Verified
Throwback 90s2000s,Chris Brown - Kiss Kiss (feat. T-Pain).mp3,320kbps,CBR,5/5,Verified
Throwback 90s2000s,Chris Brown - Run It! (feat. Juelz Santana).mp3,320kbps,CBR,5/5,Verified
Throwback 90s2000s,Chris Brown - Take You Down.mp3,320kbps,CBR,5/5,Verified
Throwback 90s2000s,Chris Brown - With You.mp3,320kbps,CBR,5/5,Verified
Throwback 90s2000s,Chris Brown - Ya Man Ain't Me.mp3,320kbps,CBR,5/5,Verified
Throwback 90s2000s,Chris Brown - Yo (Excuse Me Miss).mp3,320kbps,CBR,5/5,Verified
Throwback 90s2000s,Christina Milian - When You Look At Me (Radio Edit).mp3,320kbps,CBR,5/5,Verified
Throwback 90s2000s,Ciara - Goodies (feat. Petey Pablo).mp3,320kbps,CBR,5/5,Verified
Throwback 90s2000s,Ciara - Oh (feat. Ludacris).mp3,320kbps,CBR,5/5,Verified
Throwback 90s2000s,Ciara - Promise.mp3,320kbps,CBR,5/5,Verified
Throwback 90s2000s,City High - What Would You Do_.mp3,320kbps,CBR,5/5,Verified
Throwback 90s2000s,Coolio & L.V. - Gangsta's Paradise.mp3,320kbps,CBR,5/5,Verified
Throwback 90s2000s,Coolio - Gangsta's Paradise.mp3,320kbps,CBR,5/5,Verified
Throwback 90s2000s,Craig David - 7 Days.mp3,320kbps,CBR,5/5,Verified
Throwback 90s2000s,Craig David - Fill Me In.mp3,320kbps,CBR,5/5,Verified
Throwback 90s2000s,Craig David - Walking Away.mp3,320kbps,CBR,5/5,Verified
Throwback 90s2000s,D'Angelo and The Vanguard - The Charade.mp3,320kbps,CBR,5/5,Verified
Throwback 90s2000s,DJ Jazzy Jeff & The Fresh Prince - Summertime.mp3,320kbps,CBR,5/5,Verified
Throwback 90s2000s,DMX - Where The Hood At.mp3,320kbps,CBR,5/5,Verified
Throwback 90s2000s,Danny Boy - Coffee or Tea.mp3,320kbps,CBR,5/5,Verified
Throwback 90s2000s,Danny Boy - Come When I Call.mp3,320kbps,CBR,5/5,Verified
Throwback 90s2000s,Danny Boy - Crazy.mp3,320kbps,CBR,5/5,Verified
Throwback 90s2000s,Danny Boy - It’s Over Now.mp3,320kbps,CBR,5/5,Verified
Throwback 90s2000s,Danny Boy - Mama Used To Say.mp3,320kbps,CBR,5/5,Verified
Throwback 90s2000s,Danny Boy - So In Love.mp3,320kbps,CBR,5/5,Verified
Throwback 90s2000s,Danny Boy - Special Kind of Fool.mp3,320kbps,CBR,5/5,Verified
Throwback 90s2000s,Danny Boy - This Song (Radio).mp3,320kbps,CBR,5/5,Verified
Throwback 90s2000s,Danny Boy - This song (remix) (Grown & sexy ).mp3,320kbps,CBR,5/5,Verified
Throwback 90s2000s,Destiny's Child - Bootylicious.mp3,320kbps,CBR,5/5,Verified
Throwback 90s2000s,Destiny's Child - Cater 2 U.mp3,320kbps,CBR,5/5,Verified
Throwback 90s2000s,Destiny's Child - Girl.mp3,320kbps,CBR,5/5,Verified
Throwback 90s2000s,"Destiny's Child - Independent Women, Pt. 1.mp3",320kbps,CBR,5/5,Verified
Throwback 90s2000s,Destiny's Child - Say My Name.mp3,320kbps,CBR,5/5,Verified
Throwback 90s2000s,Destiny's Child - Soldier (feat. T.I. & Lil' Wayne).mp3,320kbps,CBR,5/5,Verified
Throwback 90s2000s,Donell Jones - U Know What's Up (feat. Lisa _Left Eye_ Lopes).mp3,320kbps,CBR,5/5,Verified
Throwback 90s2000s,Donell Jones - U Know What's Up.mp3,320kbps,CBR,5/5,Verified
Throwback 90s2000s,Dr. Dre - Forgot About Dre (feat. Eminem).mp3,320kbps,CBR,5/5,Verified
Throwback 90s2000s,Drake - Bria's Interlude (feat. Omarion).mp3,320kbps,CBR,5/5,Verified
Throwback 90s2000s,Drake - Don’t Matter To Me (feat. Michael Jackson).mp3,320kbps,CBR,5/5,Verified
Throwback 90s2000s,Drake - Successful (feat. Trey Songz & Lil Wayne).mp3,320kbps,CBR,5/5,Verified
Throwback 90s2000s,Dru Hill - In My Bed.mp3,320kbps,CBR,5/5,Verified
Throwback 90s2000s,Erykah Badu - Phone Down.mp3,320kbps,CBR,5/5,Verified
Throwback 90s2000s,Erykah Badu - Window Seat.mp3,320kbps,CBR,5/5,Verified
Throwback 90s2000s,Eve - Gangsta Lovin' (feat. Alicia Keys).mp3,320kbps,CBR,5/5,Verified
Throwback 90s2000s,Eve - Let Me Blow Ya Mind (feat. Gwen Stefani).mp3,320kbps,CBR,5/5,Verified
Throwback 90s2000s,Eve - Tambourine.mp3,320kbps,CBR,5/5,Verified
Throwback 90s2000s,Eve - Who's That Girl_.mp3,320kbps,CBR,5/5,Verified
Throwback 90s2000s,Evelyn _Champagne_ King - I'm In Love (12_ Version).mp3,320kbps,CBR,5/5,Verified
Throwback 90s2000s,Fabolous - Can't Let You Go (feat. Lil' Mo & Mike Shorey).mp3,320kbps,CBR,5/5,Verified
Throwback 90s2000s,Fabolous - Can't Let You Go (feat. Mike Shorey & Lil' Mo).mp3,320kbps,CBR,5/5,Verified
Throwback 90s2000s,Fantasia - When I See U.mp3,320kbps,CBR,5/5,Verified
Throwback 90s2000s,Fat Joe - What's Luv_ (feat. Ashanti).mp3,320kbps,CBR,5/5,Verified
Throwback 90s2000s,Fat Joe - What's Luv_ (feat. Ja-Rule & Ashanti).mp3,320kbps,CBR,5/5,Verified
Throwback 90s2000s,Foxy Brown - Get Me Home (feat. Blackstreet).mp3,320kbps,CBR,5/5,Verified
Throwback 90s2000s,Fugees - Killing Me Softly with His Song.mp3,320kbps,CBR,5/5,Verified
Throwback 90s2000s,Ginuwine - In Those Jeans.mp3,320kbps,CBR,5/5,Verified
Throwback 90s2000s,Ginuwine - Pony.mp3,320kbps,CBR,5/5,Verified
Throwback 90s2000s,Gladys Knight & The Pips - Neither One Of Us (Wants To Be The First To Say Goodbye).mp3,320kbps,CBR,5/5,Verified
Throwback 90s2000s,J-Kwon - Tipsy (Radio Mix).mp3,320kbps,CBR,5/5,Verified
Throwback 90s2000s,J. Cole - Work Out.mp3,320kbps,CBR,5/5,Verified
Throwback 90s2000s,J. Valentine - UP! (R&B Remix Mix) (feat. Chris Brown & Pleasure P).mp3,320kbps,CBR,5/5,Verified
Throwback 90s2000s,JAŸ-Z - Empire State Of Mind (feat. Alicia Keys).mp3,320kbps,CBR,5/5,Verified
Throwback 90s2000s,Ja Rule - Always On Time (feat. Ashanti).mp3,320kbps,CBR,5/5,Verified
Throwback 90s2000s,Ja Rule - Mesmerize (feat. Ashanti).mp3,320kbps,CBR,5/5,Verified
Throwback 90s2000s,Ja Rule - Put It On Me (feat. Vita).mp3,320kbps,CBR,5/5,Verified
Throwback 90s2000s,Ja Rule - Wonderful (feat. R. Kelly & Ashanti).mp3,320kbps,CBR,5/5,Verified
Throwback 90s2000s,Jagged Edge - Let's Get Married.mp3,320kbps,CBR,5/5,Verified
Throwback 90s2000s,Jagged Edge - Walked Outta Heaven.mp3,320kbps,CBR,5/5,Verified
Throwback 90s2000s,Jagged Edge - Where the Party At (feat. Nelly).mp3,320kbps,CBR,5/5,Verified
Throwback 90s2000s,Jamie Foxx - Blame It (feat. T-Pain).mp3,320kbps,CBR,5/5,Verified
Throwback 90s2000s,Janet Jackson - All For You.mp3,320kbps,CBR,5/5,Verified
Throwback 90s2000s,Janet Jackson - Together Again.mp3,320kbps,CBR,5/5,Verified
Throwback 90s2000s,Jazmine Sullivan - Forever Don't Last.mp3,320kbps,CBR,5/5,Verified
Throwback 90s2000s,Jennifer Hudson - Spotlight.mp3,320kbps,CBR,5/5,Verified
Throwback 90s2000s,Jennifer Lopez - Ain't It Funny (Murder Remix) (feat. Ja Rule & Caddillac Tah).mp3,320kbps,CBR,5/5,Verified
Throwback 90s2000s,Jennifer Lopez - I'm Real (Murder Remix) (feat. Ja Rule).mp3,320kbps,CBR,5/5,Verified
Throwback 90s2000s,Jodeci - Come and Talk to Me (Remix).mp3,320kbps,CBR,5/5,Verified
Throwback 90s2000s,Joe - I Wanna Know.mp3,320kbps,CBR,5/5,Verified
Throwback 90s2000s,Jordin Sparks - No Air (feat. Chris Brown).mp3,320kbps,CBR,5/5,Verified
Throwback 90s2000s,Justin Timberlake - Pusher Love Girl.mp3,320kbps,CBR,5/5,Verified
Throwback 90s2000s,Kanye West - All Falls Down (feat. Syleena Johnson).mp3,320kbps,CBR,5/5,Verified
Throwback 90s2000s,Kanye West - Heard 'Em Say (feat. Adam Levine).mp3,320kbps,CBR,5/5,Verified
Throwback 90s2000s,Kanye West - Through The Wire.mp3,320kbps,CBR,5/5,Verified
Throwback 90s2000s,Kelly Rowland - Kisses Down Low.mp3,320kbps,CBR,5/5,Verified
Throwback 90s2000s,Kelly Rowland - Motivation (feat. Lil Wayne).mp3,320kbps,CBR,5/5,Verified
Throwback 90s2000s,Keyshia Cole - Let It Go (feat. Missy Elliott & Lil' Kim).mp3,320kbps,CBR,5/5,Verified
Throwback 90s2000s,Keyshia Cole - Love.mp3,320kbps,CBR,5/5,Verified
Throwback 90s2000s,Lil Jon & The East Side Boyz - Get Low (feat. Ying Yang Twins).mp3,320kbps,CBR,5/5,Verified
Throwback 90s2000s,Lil Jon & The East Side Boyz - Lovers And Friends (feat. Usher & Ludacris).mp3,320kbps,CBR,5/5,Verified
Throwback 90s2000s,Lil Wayne - Mrs. Officer (feat. Lil Wayne & Bobby V.).mp3,320kbps,CBR,5/5,Verified
Throwback 90s2000s,Lloyd - Southside (feat. Ashanti).mp3,320kbps,CBR,5/5,Verified
Throwback 90s2000s,Ludacris - Good Lovin (feat. Miguel).mp3,320kbps,CBR,5/5,Verified
Throwback 90s2000s,"Lumidee - Never Leave You (Uh Oooh, Uh Oooh) (Uh Oooh Remix) (feat. Busta Rhymes & Fabolous).mp3",320kbps,CBR,5/5,Verified
Throwback 90s2000s,Mariah Carey - Always Be My Baby.mp3,320kbps,CBR,5/5,Verified
Throwback 90s2000s,Mariah Carey - Fantasy (Bad Boy Fantasy) (feat. O.D.B.).mp3,320kbps,CBR,5/5,Verified
Throwback 90s2000s,Mariah Carey - It's Like That (Main Mix).mp3,320kbps,CBR,5/5,Verified
Throwback 90s2000s,Mariah Carey - Touch My Body.mp3,320kbps,CBR,5/5,Verified
Throwback 90s2000s,Mariah Carey - We Belong Together.mp3,320kbps,CBR,5/5,Verified
Throwback 90s2000s,Mario - Crying Out For Me.mp3,320kbps,CBR,5/5,Verified
Throwback 90s2000s,Mario - How Do I Breathe.mp3,320kbps,CBR,5/5,Verified
Throwback 90s2000s,Mario - Just a Friend 2002 (Radio Edit).mp3,320kbps,CBR,5/5,Verified
Throwback 90s2000s,Mario - Let Me Love You.mp3,320kbps,CBR,5/5,Verified
Throwback 90s2000s,Mario Winans - I Don't Wanna Know (feat. Enya & P. Diddy).mp3,320kbps,CBR,5/5,Verified
Throwback 90s2000s,"Mario Winans - I Don't Wanna Know (feat. Enya, P. Diddy & Enya and P. Diddy).mp3",320kbps,CBR,5/5,Verified
Throwback 90s2000s,Mary J. Blige - Be Without You (Kendu Mix).mp3,320kbps,CBR,5/5,Verified
Throwback 90s2000s,Mary J. Blige - Family Affair.mp3,320kbps,CBR,5/5,Verified
Throwback 90s2000s,Mary J. Blige - Just Fine.mp3,320kbps,CBR,5/5,Verified
Throwback 90s2000s,Mary J. Blige - No More Drama.mp3,320kbps,CBR,5/5,Verified
Throwback 90s2000s,Mary J. Blige - Rainy Dayz (feat. Ja Rule).mp3,320kbps,CBR,5/5,Verified
Throwback 90s2000s,Mary J. Blige - Real Love.mp3,320kbps,CBR,5/5,Verified
Throwback 90s2000s,Mase - What You Want (feat. Total).mp3,320kbps,CBR,5/5,Verified
Throwback 90s2000s,Maxwell - Pretty Wings (uncut).mp3,320kbps,CBR,5/5,Verified
Throwback 90s2000s,Missy Elliott - Gossip Folks (feat. Ludacris).mp3,320kbps,CBR,5/5,Verified
Throwback 90s2000s,Missy Elliott - Lose Control (feat. Ciara & Fatman Scoop).mp3,320kbps,CBR,5/5,Verified
Throwback 90s2000s,Ne-Yo & Jeremih - U 2 Luv.mp3,320kbps,CBR,5/5,Verified
Throwback 90s2000s,Ne-Yo - Because Of You.mp3,320kbps,CBR,5/5,Verified
Throwback 90s2000s,Ne-Yo - Closer.mp3,320kbps,CBR,5/5,Verified
Throwback 90s2000s,Ne-Yo - Mad.mp3,320kbps,CBR,5/5,Verified
Throwback 90s2000s,Ne-Yo - Sexy Love.mp3,320kbps,CBR,5/5,Verified
Throwback 90s2000s,"Nelly - Air Force Ones (feat. Murphy Lee, Ali & Kyjuan).mp3",320kbps,CBR,5/5,Verified
Throwback 90s2000s,Nelly - Body On Me (feat. Ashanti & Akon).mp3,320kbps,CBR,5/5,Verified
Throwback 90s2000s,Nelly - Dilemma (feat. Kelly Rowland).mp3,320kbps,CBR,5/5,Verified
Throwback 90s2000s,Nelly - Hot In Herre.mp3,320kbps,CBR,5/5,Verified
Throwback 90s2000s,Nelly - My Place (feat. Jaheim).mp3,320kbps,CBR,5/5,Verified
Throwback 90s2000s,Nelly - Ride Wit Me (feat. City Spud).mp3,320kbps,CBR,5/5,Verified
Throwback 90s2000s,Nelly - Work It (feat. Justin Timberlake).mp3,320kbps,CBR,5/5,Verified
Throwback 90s2000s,Nelly Furtado - Promiscuous (feat. Timbaland).mp3,320kbps,CBR,5/5,Verified
Throwback 90s2000s,New Edition - A Little Bit Of Love (Is All It Takes).mp3,320kbps,CBR,5/5,Verified
Throwback 90s2000s,Next - Wifey (Club Mix_Dirty Version).mp3,320kbps,CBR,5/5,Verified
Throwback 90s2000s,Next - Wifey.mp3,320kbps,CBR,5/5,Verified
Throwback 90s2000s,Ol' Dirty Bastard - Got Your Money [2005 Remaster] (feat. Kelis).mp3,320kbps,CBR,5/5,Verified
Throwback 90s2000s,Omarion - Ice Box.mp3,320kbps,CBR,5/5,Verified
Throwback 90s2000s,Omarion - Post to Be (feat. Chris Brown & Jhene Aiko).mp3,320kbps,CBR,5/5,Verified
Throwback 90s2000s,Omarion - Speedin'.mp3,320kbps,CBR,5/5,Verified
Throwback 90s2000s,One Way - Cutie Pie.mp3,320kbps,CBR,5/5,Verified
Throwback 90s2000s,Outkast - Ms. Jackson.mp3,320kbps,CBR,5/5,Verified
Throwback 90s2000s,Outkast - Prototype.mp3,320kbps,CBR,5/5,Verified
Throwback 90s2000s,Outkast - The Way You Move (feat. Sleepy Brown).mp3,320kbps,CBR,5/5,Verified
Throwback 90s2000s,P. Diddy - I Need a Girl (Pt. 1) (feat. Loon & Usher).mp3,320kbps,CBR,5/5,Verified
Throwback 90s2000s,Pharrell Williams - Frontin' (Club Mix) (feat. JAY-Z).mp3,320kbps,CBR,5/5,Verified
Throwback 90s2000s,"Plies - Bust It Baby, Pt. 2 (feat. Ne-Yo).mp3",320kbps,CBR,5/5,Verified
Throwback 90s2000s,Pras - Ghetto Supastar (That is What You Are) (feat. Ol' Dirty Bastard & Mýa).mp3,320kbps,CBR,5/5,Verified
Throwback 90s2000s,Pras Michel - Ghetto Supastar (That Is What You Are) (feat. Ol' Dirty Bastard & Mya).mp3,320kbps,CBR,5/5,Verified
Throwback 90s2000s,Pretty Ricky - Grind With Me.mp3,320kbps,CBR,5/5,Verified
Throwback 90s2000s,R.Kelly - Feelin' On Yo Booty.mp3,320kbps,CBR,5/5,Verified
Throwback 90s2000s,R.Kelly - Ignition (Remix).mp3,320kbps,CBR,5/5,Verified
Throwback 90s2000s,R.Kelly - Same Girl.mp3,320kbps,CBR,5/5,Verified
Throwback 90s2000s,René & Angela - Your Smile (Single Version).mp3,320kbps,CBR,5/5,Verified
Throwback 90s2000s,Rihanna - Hate That I Love You (feat. Ne-Yo).mp3,320kbps,CBR,5/5,Verified
Throwback 90s2000s,Rihanna - Hate That I Love You.mp3,320kbps,CBR,5/5,Verified
Throwback 90s2000s,Rihanna - Love On The Brain.mp3,320kbps,CBR,5/5,Verified
Throwback 90s2000s,Rihanna - Take A Bow.mp3,320kbps,CBR,5/5,Verified
Throwback 90s2000s,Robin Thicke - Blurred Lines (feat. T.I. & Pharrell).mp3,320kbps,CBR,5/5,Verified
Throwback 90s2000s,Robin Thicke - Get Her Back.mp3,320kbps,CBR,5/5,Verified
Throwback 90s2000s,Robin Thicke - Lost Without U.mp3,320kbps,CBR,5/5,Verified
Throwback 90s2000s,SWV - Right Here (Human Nature Radio Mix).mp3,320kbps,CBR,5/5,Verified
Throwback 90s2000s,Sade - Soldier of Love.mp3,320kbps,CBR,5/5,Verified
Throwback 90s2000s,Santana - Maria Maria (feat. The Product G&B).mp3,320kbps,CBR,5/5,Verified
Throwback 90s2000s,Sean Kingston - Beautiful Girls.mp3,320kbps,CBR,5/5,Verified
Throwback 90s2000s,Sisqo - Thong Song.mp3,320kbps,CBR,5/5,Verified
Throwback 90s2000s,Stevie Wonder - That Girl.mp3,320kbps,CBR,5/5,Verified
Throwback 90s2000s,Surface - Happy.mp3,320kbps,CBR,5/5,Verified
Throwback 90s2000s,T-Pain - Bartender (feat. Akon).mp3,320kbps,CBR,5/5,Verified
Throwback 90s2000s,T-Pain - Buy U a Drank (Shawty Snappin') (feat. Yung Joc).mp3,320kbps,CBR,5/5,Verified
Throwback 90s2000s,T-Pain - Chopped N Skrewed (feat. Ludacris).mp3,320kbps,CBR,5/5,Verified
Throwback 90s2000s,T-Pain - I'm Sprung.mp3,320kbps,CBR,5/5,Verified
Throwback 90s2000s,TLC - Creep.mp3,320kbps,CBR,5/5,Verified
Throwback 90s2000s,TLC - No Scrubs (with Rap).mp3,320kbps,CBR,5/5,Verified
Throwback 90s2000s,TLC - Waterfalls.mp3,320kbps,CBR,5/5,Verified
Throwback 90s2000s,Tamia - Into You (feat. Fabolous).mp3,320kbps,CBR,5/5,Verified
Throwback 90s2000s,Terror Squad - Lean Back (feat. Fat Joe & Remy Ma).mp3,320kbps,CBR,5/5,Verified
Throwback 90s2000s,Tevin Campbell - Can We Talk.mp3,320kbps,CBR,5/5,Verified
Throwback 90s2000s,The Game - Hate It Or Love It (feat. 50 Cent).mp3,320kbps,CBR,5/5,Verified
Throwback 90s2000s,The Gap Band - Outstanding (Original 12_ Mix).mp3,320kbps,CBR,5/5,Verified
Throwback 90s2000s,The Gap Band - Outstanding.mp3,320kbps,CBR,5/5,Verified
Throwback 90s2000s,The Isley Brothers - Voyage to Atlantis.mp3,320kbps,CBR,5/5,Verified
Throwback 90s2000s,The Notorious B.I.G. - Big Poppa (2005 Remaster).mp3,320kbps,CBR,5/5,Verified
Throwback 90s2000s,The Notorious B.I.G. - Hypnotize.mp3,320kbps,CBR,5/5,Verified
Throwback 90s2000s,The Whispers - And the Beat Goes On.mp3,320kbps,CBR,5/5,Verified
Throwback 90s2000s,The-Dream - Falsetto.mp3,320kbps,CBR,5/5,Verified
Throwback 90s2000s,The-Dream - I Luv Your Girl.mp3,320kbps,CBR,5/5,Verified
Throwback 90s2000s,Twista - Slow Jamz (feat. Kanye West & Jamie Foxx).mp3,320kbps,CBR,5/5,Verified
Throwback 90s2000s,Tyrese - How You Gonna Act Like That.mp3,320kbps,CBR,5/5,Verified
Throwback 90s2000s,Usher - Burn.mp3,320kbps,CBR,5/5,Verified
Throwback 90s2000s,Usher - Caught Up.mp3,320kbps,CBR,5/5,Verified
Throwback 90s2000s,Usher - Climax.mp3,320kbps,CBR,5/5,Verified
Throwback 90s2000s,Usher - Confessions Part II.mp3,320kbps,CBR,5/5,Verified
Throwback 90s2000s,Usher - Confessions.mp3,320kbps,CBR,5/5,Verified
Throwback 90s2000s,Usher - My Boo.mp3,320kbps,CBR,5/5,Verified
Throwback 90s2000s,Usher - No Limit (feat. Young Thug).mp3,320kbps,CBR,5/5,Verified
Throwback 90s2000s,Usher - Superstar.mp3,320kbps,CBR,5/5,Verified
Throwback 90s2000s,Usher - There Goes My Baby.mp3,320kbps,CBR,5/5,Verified
Throwback 90s2000s,Usher - U Don't Have to Call.mp3,320kbps,CBR,5/5,Verified
Throwback 90s2000s,Usher - U Got It Bad.mp3,320kbps,CBR,5/5,Verified
Throwback 90s2000s,Usher - U Remind Me.mp3,320kbps,CBR,5/5,Verified
Throwback 90s2000s,Usher - Yeah! (feat. Lil Jon & Ludacris).mp3,320kbps,CBR,5/5,Verified
Throwback 90s2000s,Warren G - Regulate (feat. Nate Dogg).mp3,320kbps,CBR,5/5,Verified
Throwback 90s2000s,Wayne Wonder & LL Cool J - No Letting Go [Remix] (feat. Dutchess).mp3,320kbps,CBR,5/5,Verified
Throwback 90s2000s,William DeVaughn - Be Thankful for What You Got.mp3,320kbps,CBR,5/5,Verified
Throwback 90s2000s,Zapp & Roger - Computer Love.mp3,320kbps,CBR,5/5,Verified
Throwback 90s2000s,Zapp & Roger - More Bounce to the Ounce.mp3,320kbps,CBR,5/5,Verified
Throwback 90s2000s,dvsn - P.O.V..mp3,320kbps,CBR,5/5,Verified
